ticker,rsi_max,macd,stop_loss_pct,take_profit_pct,trades,wins,win_rate,avg_pnl_pct,total_pnl_pct,total_dollar_pnl,avg_hold_bars,best_trade,worst_trade,max_consec_losses
GME,65,8/21/9,0.5,2.0,519,199,38.3,0.019,9.659,965.92,3.1,2.0,-1.641,10
GME,65,8/21/9,1.0,2.0,519,199,38.3,0.019,9.659,965.92,3.1,2.0,-1.641,10
GME,65,8/21/9,2.0,2.0,519,199,38.3,0.019,9.659,965.92,3.1,2.0,-1.641,10
GME,65,8/21/9,0.5,4.0,519,199,38.3,0.017,9.051,905.14,3.1,1.599,-1.641,10
GME,65,8/21/9,0.5,6.0,519,199,38.3,0.017,9.051,905.14,3.1,1.599,-1.641,10
GME,65,8/21/9,1.0,4.0,519,199,38.3,0.017,9.051,905.14,3.1,1.599,-1.641,10
GME,65,8/21/9,1.0,6.0,519,199,38.3,0.017,9.051,905.14,3.1,1.599,-1.641,10
GME,65,8/21/9,2.0,4.0,519,199,38.3,0.017,9.051,905.14,3.1,1.599,-1.641,10
GME,65,8/21/9,2.0,6.0,519,199,38.3,0.017,9.051,905.14,3.1,1.599,-1.641,10
GME,65,10/21/9,0.5,2.0,485,195,40.2,0.019,9.001,900.08,3.2,1.599,-1.726,10
GME,65,10/21/9,0.5,4.0,485,195,40.2,0.019,9.001,900.08,3.2,1.599,-1.726,10
GME,65,10/21/9,0.5,6.0,485,195,40.2,0.019,9.001,900.08,3.2,1.599,-1.726,10
GME,65,10/21/9,1.0,2.0,485,195,40.2,0.019,9.001,900.08,3.2,1.599,-1.726,10
GME,65,10/21/9,1.0,4.0,485,195,40.2,0.019,9.001,900.08,3.2,1.599,-1.726,10
GME,65,10/21/9,1.0,6.0,485,195,40.2,0.019,9.001,900.08,3.2,1.599,-1.726,10
GME,65,10/21/9,2.0,2.0,485,195,40.2,0.019,9.001,900.08,3.2,1.599,-1.726,10
GME,65,10/21/9,2.0,4.0,485,195,40.2,0.019,9.001,900.08,3.2,1.599,-1.726,10
GME,65,10/21/9,2.0,6.0,485,195,40.2,0.019,9.001,900.08,3.2,1.599,-1.726,10
GME,70,8/21/9,0.5,2.0,608,231,38.0,0.014,8.417,841.75,2.9,2.0,-1.641,11
GME,70,8/21/9,1.0,2.0,608,231,38.0,0.014,8.417,841.75,2.9,2.0,-1.641,11
GME,70,8/21/9,2.0,2.0,608,231,38.0,0.014,8.417,841.75,2.9,2.0,-1.641,11
GME,70,10/21/9,0.5,2.0,573,227,39.6,0.014,8.151,815.12,3.1,1.599,-1.726,10
GME,70,10/21/9,0.5,4.0,573,227,39.6,0.014,8.151,815.12,3.1,1.599,-1.726,10
GME,70,10/21/9,0.5,6.0,573,227,39.6,0.014,8.151,815.12,3.1,1.599,-1.726,10
GME,70,10/21/9,1.0,2.0,573,227,39.6,0.014,8.151,815.12,3.1,1.599,-1.726,10
GME,70,10/21/9,1.0,4.0,573,227,39.6,0.014,8.151,815.12,3.1,1.599,-1.726,10
GME,70,10/21/9,1.0,6.0,573,227,39.6,0.014,8.151,815.12,3.1,1.599,-1.726,10
GME,70,10/21/9,2.0,2.0,573,227,39.6,0.014,8.151,815.12,3.1,1.599,-1.726,10
GME,70,10/21/9,2.0,4.0,573,227,39.6,0.014,8.151,815.12,3.1,1.599,-1.726,10
GME,70,10/21/9,2.0,6.0,573,227,39.6,0.014,8.151,815.12,3.1,1.599,-1.726,10
GME,70,8/21/9,0.5,4.0,608,231,38.0,0.013,7.81,780.97,2.9,1.599,-1.641,11
GME,70,8/21/9,0.5,6.0,608,231,38.0,0.013,7.81,780.97,2.9,1.599,-1.641,11
GME,70,8/21/9,1.0,4.0,608,231,38.0,0.013,7.81,780.97,2.9,1.599,-1.641,11
GME,70,8/21/9,1.0,6.0,608,231,38.0,0.013,7.81,780.97,2.9,1.599,-1.641,11
GME,70,8/21/9,2.0,4.0,608,231,38.0,0.013,7.81,780.97,2.9,1.599,-1.641,11
GME,70,8/21/9,2.0,6.0,608,231,38.0,0.013,7.81,780.97,2.9,1.599,-1.641,11
GME,75,8/21/9,0.5,2.0,654,248,37.9,0.012,7.617,761.75,2.9,2.0,-1.641,11
GME,75,8/21/9,1.0,2.0,654,248,37.9,0.012,7.617,761.75,2.9,2.0,-1.641,11
GME,75,8/21/9,2.0,2.0,654,248,37.9,0.012,7.617,761.75,2.9,2.0,-1.641,11
GME,75,8/21/9,0.5,4.0,654,248,37.9,0.011,7.01,700.97,2.9,1.599,-1.641,11
GME,75,8/21/9,0.5,6.0,654,248,37.9,0.011,7.01,700.97,2.9,1.599,-1.641,11
GME,75,8/21/9,1.0,4.0,654,248,37.9,0.011,7.01,700.97,2.9,1.599,-1.641,11
GME,75,8/21/9,1.0,6.0,654,248,37.9,0.011,7.01,700.97,2.9,1.599,-1.641,11
GME,75,8/21/9,2.0,4.0,654,248,37.9,0.011,7.01,700.97,2.9,1.599,-1.641,11
GME,75,8/21/9,2.0,6.0,654,248,37.9,0.011,7.01,700.97,2.9,1.599,-1.641,11
GME,75,10/21/9,0.5,2.0,617,242,39.2,0.011,6.741,674.14,3.0,1.599,-1.726,10
GME,75,10/21/9,0.5,4.0,617,242,39.2,0.011,6.741,674.14,3.0,1.599,-1.726,10
GME,75,10/21/9,0.5,6.0,617,242,39.2,0.011,6.741,674.14,3.0,1.599,-1.726,10
GME,75,10/21/9,1.0,2.0,617,242,39.2,0.011,6.741,674.14,3.0,1.599,-1.726,10
GME,75,10/21/9,1.0,4.0,617,242,39.2,0.011,6.741,674.14,3.0,1.599,-1.726,10
GME,75,10/21/9,1.0,6.0,617,242,39.2,0.011,6.741,674.14,3.0,1.599,-1.726,10
GME,75,10/21/9,2.0,2.0,617,242,39.2,0.011,6.741,674.14,3.0,1.599,-1.726,10
GME,75,10/21/9,2.0,4.0,617,242,39.2,0.011,6.741,674.14,3.0,1.599,-1.726,10
GME,75,10/21/9,2.0,6.0,617,242,39.2,0.011,6.741,674.14,3.0,1.599,-1.726,10
GME,60,8/21/9,0.5,2.0,433,165,38.1,0.015,6.609,660.94,3.2,2.0,-1.641,10
GME,60,8/21/9,1.0,2.0,433,165,38.1,0.015,6.609,660.94,3.2,2.0,-1.641,10
GME,60,8/21/9,2.0,2.0,433,165,38.1,0.015,6.609,660.94,3.2,2.0,-1.641,10
GME,60,8/21/9,0.5,4.0,433,165,38.1,0.014,6.002,600.16,3.2,1.392,-1.641,10
GME,60,8/21/9,0.5,6.0,433,165,38.1,0.014,6.002,600.16,3.2,1.392,-1.641,10
GME,60,8/21/9,1.0,4.0,433,165,38.1,0.014,6.002,600.16,3.2,1.392,-1.641,10
GME,60,8/21/9,1.0,6.0,433,165,38.1,0.014,6.002,600.16,3.2,1.392,-1.641,10
GME,60,8/21/9,2.0,4.0,433,165,38.1,0.014,6.002,600.16,3.2,1.392,-1.641,10
GME,60,8/21/9,2.0,6.0,433,165,38.1,0.014,6.002,600.16,3.2,1.392,-1.641,10
GME,65,12/26/9,0.5,2.0,443,175,39.5,0.012,5.38,538.01,3.4,1.121,-1.726,16
GME,65,12/26/9,0.5,4.0,443,175,39.5,0.012,5.38,538.01,3.4,1.121,-1.726,16
GME,65,12/26/9,0.5,6.0,443,175,39.5,0.012,5.38,538.01,3.4,1.121,-1.726,16
GME,65,12/26/9,1.0,2.0,443,175,39.5,0.012,5.38,538.01,3.4,1.121,-1.726,16
GME,65,12/26/9,1.0,4.0,443,175,39.5,0.012,5.38,538.01,3.4,1.121,-1.726,16
GME,65,12/26/9,1.0,6.0,443,175,39.5,0.012,5.38,538.01,3.4,1.121,-1.726,16
GME,65,12/26/9,2.0,2.0,443,175,39.5,0.012,5.38,538.01,3.4,1.121,-1.726,16
GME,65,12/26/9,2.0,4.0,443,175,39.5,0.012,5.38,538.01,3.4,1.121,-1.726,16
GME,65,12/26/9,2.0,6.0,443,175,39.5,0.012,5.38,538.01,3.4,1.121,-1.726,16
GME,60,10/21/9,0.5,2.0,409,159,38.9,0.013,5.145,514.47,3.3,1.121,-1.726,10
GME,60,10/21/9,0.5,4.0,409,159,38.9,0.013,5.145,514.47,3.3,1.121,-1.726,10
GME,60,10/21/9,0.5,6.0,409,159,38.9,0.013,5.145,514.47,3.3,1.121,-1.726,10
GME,60,10/21/9,1.0,2.0,409,159,38.9,0.013,5.145,514.47,3.3,1.121,-1.726,10
GME,60,10/21/9,1.0,4.0,409,159,38.9,0.013,5.145,514.47,3.3,1.121,-1.726,10
GME,60,10/21/9,1.0,6.0,409,159,38.9,0.013,5.145,514.47,3.3,1.121,-1.726,10
GME,60,10/21/9,2.0,2.0,409,159,38.9,0.013,5.145,514.47,3.3,1.121,-1.726,10
GME,60,10/21/9,2.0,4.0,409,159,38.9,0.013,5.145,514.47,3.3,1.121,-1.726,10
GME,60,10/21/9,2.0,6.0,409,159,38.9,0.013,5.145,514.47,3.3,1.121,-1.726,10
GME,75,12/26/9,0.5,2.0,577,221,38.3,0.008,4.803,480.33,3.1,1.121,-1.726,10
GME,75,12/26/9,0.5,4.0,577,221,38.3,0.008,4.803,480.33,3.1,1.121,-1.726,10
GME,75,12/26/9,0.5,6.0,577,221,38.3,0.008,4.803,480.33,3.1,1.121,-1.726,10
GME,75,12/26/9,1.0,2.0,577,221,38.3,0.008,4.803,480.33,3.1,1.121,-1.726,10
GME,75,12/26/9,1.0,4.0,577,221,38.3,0.008,4.803,480.33,3.1,1.121,-1.726,10
GME,75,12/26/9,1.0,6.0,577,221,38.3,0.008,4.803,480.33,3.1,1.121,-1.726,10
GME,75,12/26/9,2.0,2.0,577,221,38.3,0.008,4.803,480.33,3.1,1.121,-1.726,10
GME,75,12/26/9,2.0,4.0,577,221,38.3,0.008,4.803,480.33,3.1,1.121,-1.726,10
GME,75,12/26/9,2.0,6.0,577,221,38.3,0.008,4.803,480.33,3.1,1.121,-1.726,10
GME,70,12/26/9,0.5,2.0,532,203,38.2,0.009,4.778,477.75,3.2,1.121,-1.726,10
GME,70,12/26/9,0.5,4.0,532,203,38.2,0.009,4.778,477.75,3.2,1.121,-1.726,10
GME,70,12/26/9,0.5,6.0,532,203,38.2,0.009,4.778,477.75,3.2,1.121,-1.726,10
GME,70,12/26/9,1.0,2.0,532,203,38.2,0.009,4.778,477.75,3.2,1.121,-1.726,10
GME,70,12/26/9,1.0,4.0,532,203,38.2,0.009,4.778,477.75,3.2,1.121,-1.726,10
GME,70,12/26/9,1.0,6.0,532,203,38.2,0.009,4.778,477.75,3.2,1.121,-1.726,10
GME,70,12/26/9,2.0,2.0,532,203,38.2,0.009,4.778,477.75,3.2,1.121,-1.726,10
GME,70,12/26/9,2.0,4.0,532,203,38.2,0.009,4.778,477.75,3.2,1.121,-1.726,10
GME,70,12/26/9,2.0,6.0,532,203,38.2,0.009,4.778,477.75,3.2,1.121,-1.726,10
GME,60,12/26/9,0.5,2.0,368,140,38.0,0.007,2.552,255.22,3.5,1.121,-1.726,16
GME,60,12/26/9,0.5,4.0,368,140,38.0,0.007,2.552,255.22,3.5,1.121,-1.726,16
GME,60,12/26/9,0.5,6.0,368,140,38.0,0.007,2.552,255.22,3.5,1.121,-1.726,16
GME,60,12/26/9,1.0,2.0,368,140,38.0,0.007,2.552,255.22,3.5,1.121,-1.726,16
GME,60,12/26/9,1.0,4.0,368,140,38.0,0.007,2.552,255.22,3.5,1.121,-1.726,16
GME,60,12/26/9,1.0,6.0,368,140,38.0,0.007,2.552,255.22,3.5,1.121,-1.726,16
GME,60,12/26/9,2.0,2.0,368,140,38.0,0.007,2.552,255.22,3.5,1.121,-1.726,16
GME,60,12/26/9,2.0,4.0,368,140,38.0,0.007,2.552,255.22,3.5,1.121,-1.726,16
GME,60,12/26/9,2.0,6.0,368,140,38.0,0.007,2.552,255.22,3.5,1.121,-1.726,16
AMC,75,8/21/9,1.0,2.0,438,106,24.2,-0.038,-16.474,-1647.45,2.8,4.559,-2.913,27
AMC,75,8/21/9,2.0,2.0,438,106,24.2,-0.038,-16.474,-1647.45,2.8,4.559,-2.913,27
AMC,75,8/21/9,0.5,2.0,440,106,24.1,-0.038,-16.8,-1679.98,2.8,4.559,-2.913,27
AMC,75,8/21/9,1.0,4.0,436,106,24.3,-0.046,-20.076,-2007.56,2.9,4.559,-2.913,27
AMC,75,8/21/9,2.0,4.0,436,106,24.3,-0.046,-20.076,-2007.56,2.9,4.559,-2.913,27
AMC,75,12/26/9,1.0,2.0,401,91,22.7,-0.05,-20.187,-2018.74,3.0,4.559,-2.913,29
AMC,75,12/26/9,2.0,2.0,401,91,22.7,-0.05,-20.187,-2018.74,3.0,4.559,-2.913,29
AMC,75,8/21/9,0.5,4.0,438,106,24.2,-0.047,-20.401,-2040.09,2.8,4.559,-2.913,27
AMC,75,10/21/9,1.0,2.0,426,98,23.0,-0.049,-20.763,-2076.33,2.9,4.559,-2.913,50
AMC,75,10/21/9,2.0,2.0,426,98,23.0,-0.049,-20.763,-2076.33,2.9,4.559,-2.913,50
AMC,75,12/26/9,0.5,2.0,403,91,22.6,-0.052,-21.053,-2105.27,3.0,4.559,-2.913,29
AMC,75,10/21/9,0.5,2.0,427,98,23.0,-0.049,-21.085,-2108.5,2.9,4.559,-2.913,50
AMC,70,8/21/9,1.0,2.0,402,94,23.4,-0.054,-21.856,-2185.55,2.9,4.377,-2.913,27
AMC,70,8/21/9,2.0,2.0,402,94,23.4,-0.054,-21.856,-2185.55,2.9,4.377,-2.913,27
AMC,75,8/21/9,1.0,6.0,436,106,24.3,-0.051,-22.171,-2217.05,2.9,4.714,-2.913,27
AMC,75,8/21/9,2.0,6.0,436,106,24.3,-0.051,-22.171,-2217.05,2.9,4.714,-2.913,27
AMC,70,8/21/9,0.5,2.0,404,94,23.3,-0.055,-22.181,-2218.08,2.9,4.377,-2.913,27
AMC,75,8/21/9,0.5,6.0,438,106,24.2,-0.051,-22.496,-2249.58,2.8,4.714,-2.913,27
AMC,70,8/21/9,1.0,6.0,400,94,23.5,-0.058,-23.307,-2330.72,2.9,4.714,-2.913,27
AMC,70,8/21/9,2.0,6.0,400,94,23.5,-0.058,-23.307,-2330.72,2.9,4.714,-2.913,27
AMC,75,12/26/9,1.0,4.0,397,91,22.9,-0.059,-23.454,-2345.41,3.1,4.559,-2.913,29
AMC,75,12/26/9,2.0,4.0,397,91,22.9,-0.059,-23.454,-2345.41,3.1,4.559,-2.913,29
AMC,70,8/21/9,0.5,6.0,402,94,23.4,-0.059,-23.633,-2363.25,2.9,4.714,-2.913,27
AMC,70,8/21/9,1.0,4.0,400,94,23.5,-0.059,-23.644,-2364.39,2.9,4.377,-2.913,27
AMC,70,8/21/9,2.0,4.0,400,94,23.5,-0.059,-23.644,-2364.39,2.9,4.377,-2.913,27
AMC,70,8/21/9,0.5,4.0,402,94,23.4,-0.06,-23.969,-2396.92,2.9,4.377,-2.913,27
AMC,75,12/26/9,0.5,4.0,399,91,22.8,-0.061,-24.319,-2431.94,3.0,4.559,-2.913,29
AMC,70,12/26/9,1.0,2.0,364,80,22.0,-0.067,-24.51,-2450.98,3.1,4.377,-2.913,29
AMC,70,12/26/9,2.0,2.0,364,80,22.0,-0.067,-24.51,-2450.98,3.1,4.377,-2.913,29
AMC,60,12/26/9,1.0,2.0,279,60,21.5,-0.09,-25.074,-2507.35,3.3,2.647,-1.623,23
AMC,60,12/26/9,2.0,2.0,279,60,21.5,-0.09,-25.074,-2507.35,3.3,2.647,-1.623,23
AMC,75,10/21/9,1.0,4.0,423,98,23.2,-0.06,-25.356,-2535.64,2.9,4.559,-2.913,50
AMC,75,10/21/9,2.0,4.0,423,98,23.2,-0.06,-25.356,-2535.64,2.9,4.559,-2.913,50
AMC,70,12/26/9,0.5,2.0,366,80,21.9,-0.069,-25.375,-2537.51,3.0,4.377,-2.913,29
AMC,60,12/26/9,0.5,2.0,280,60,21.4,-0.092,-25.678,-2567.77,3.2,2.647,-1.623,23
AMC,75,10/21/9,0.5,4.0,424,98,23.1,-0.061,-25.678,-2567.81,2.9,4.559,-2.913,50
AMC,60,12/26/9,1.0,4.0,278,60,21.6,-0.093,-25.951,-2595.06,3.3,3.0,-1.623,23
AMC,60,12/26/9,1.0,6.0,278,60,21.6,-0.093,-25.951,-2595.06,3.3,3.0,-1.623,23
AMC,60,12/26/9,2.0,4.0,278,60,21.6,-0.093,-25.951,-2595.06,3.3,3.0,-1.623,23
AMC,60,12/26/9,2.0,6.0,278,60,21.6,-0.093,-25.951,-2595.06,3.3,3.0,-1.623,23
AMC,70,12/26/9,1.0,4.0,361,80,22.2,-0.072,-25.964,-2596.38,3.1,4.377,-2.913,29
AMC,70,12/26/9,2.0,4.0,361,80,22.2,-0.072,-25.964,-2596.38,3.1,4.377,-2.913,29
AMC,75,12/26/9,1.0,6.0,397,91,22.9,-0.066,-26.222,-2622.24,3.1,4.04,-2.913,29
AMC,75,12/26/9,2.0,6.0,397,91,22.9,-0.066,-26.222,-2622.24,3.1,4.04,-2.913,29
AMC,70,12/26/9,1.0,6.0,361,80,22.2,-0.073,-26.3,-2630.05,3.1,4.04,-2.913,29
AMC,70,12/26/9,2.0,6.0,361,80,22.2,-0.073,-26.3,-2630.05,3.1,4.04,-2.913,29
AMC,60,12/26/9,0.5,4.0,279,60,21.5,-0.095,-26.555,-2655.48,3.3,3.0,-1.623,23
AMC,60,12/26/9,0.5,6.0,279,60,21.5,-0.095,-26.555,-2655.48,3.3,3.0,-1.623,23
AMC,70,12/26/9,0.5,4.0,363,80,22.0,-0.074,-26.829,-2682.91,3.1,4.377,-2.913,29
AMC,75,12/26/9,0.5,6.0,399,91,22.8,-0.068,-27.088,-2708.77,3.1,4.04,-2.913,29
AMC,60,8/21/9,1.0,2.0,315,73,23.2,-0.086,-27.1,-2710.01,3.0,2.647,-1.942,19
AMC,60,8/21/9,2.0,2.0,315,73,23.2,-0.086,-27.1,-2710.01,3.0,2.647,-1.942,19
AMC,70,12/26/9,0.5,6.0,363,80,22.0,-0.075,-27.166,-2716.58,3.1,4.04,-2.913,29
AMC,60,8/21/9,0.5,2.0,317,73,23.0,-0.087,-27.425,-2742.54,3.0,2.647,-1.942,20
AMC,75,10/21/9,1.0,6.0,423,98,23.2,-0.065,-27.451,-2745.13,2.9,4.714,-2.913,50
AMC,75,10/21/9,2.0,6.0,423,98,23.2,-0.065,-27.451,-2745.13,2.9,4.714,-2.913,50
AMC,75,10/21/9,0.5,6.0,424,98,23.1,-0.066,-27.773,-2777.3,2.9,4.714,-2.913,50
AMC,60,8/21/9,1.0,4.0,314,73,23.2,-0.089,-27.977,-2797.72,3.1,3.0,-1.942,19
AMC,60,8/21/9,1.0,6.0,314,73,23.2,-0.089,-27.977,-2797.72,3.1,3.0,-1.942,19
AMC,60,8/21/9,2.0,4.0,314,73,23.2,-0.089,-27.977,-2797.72,3.1,3.0,-1.942,19
AMC,60,8/21/9,2.0,6.0,314,73,23.2,-0.089,-27.977,-2797.72,3.1,3.0,-1.942,19
AMC,65,12/26/9,1.0,2.0,325,69,21.2,-0.086,-28.095,-2809.51,3.1,4.377,-2.913,27
AMC,65,12/26/9,2.0,2.0,325,69,21.2,-0.086,-28.095,-2809.51,3.1,4.377,-2.913,27
AMC,60,8/21/9,0.5,4.0,316,73,23.1,-0.09,-28.303,-2830.25,3.0,3.0,-1.942,20
AMC,60,8/21/9,0.5,6.0,316,73,23.1,-0.09,-28.303,-2830.25,3.0,3.0,-1.942,20
AMC,70,10/21/9,1.0,2.0,390,86,22.1,-0.073,-28.645,-2864.51,2.9,4.377,-2.913,50
AMC,70,10/21/9,2.0,2.0,390,86,22.1,-0.073,-28.645,-2864.51,2.9,4.377,-2.913,50
AMC,65,12/26/9,0.5,2.0,327,69,21.1,-0.089,-28.96,-2896.04,3.1,4.377,-2.913,27
AMC,70,10/21/9,0.5,2.0,391,86,22.0,-0.074,-28.967,-2896.68,2.9,4.377,-2.913,50
AMC,65,12/26/9,1.0,4.0,323,69,21.4,-0.091,-29.26,-2926.04,3.2,4.377,-2.913,27
AMC,65,12/26/9,2.0,4.0,323,69,21.4,-0.091,-29.26,-2926.04,3.2,4.377,-2.913,27
AMC,65,12/26/9,1.0,6.0,323,69,21.4,-0.092,-29.597,-2959.71,3.2,4.04,-2.913,27
AMC,65,12/26/9,2.0,6.0,323,69,21.4,-0.092,-29.597,-2959.71,3.2,4.04,-2.913,27
AMC,65,8/21/9,1.0,2.0,364,82,22.5,-0.082,-29.668,-2966.77,2.9,4.377,-2.913,25
AMC,65,8/21/9,2.0,2.0,364,82,22.5,-0.082,-29.668,-2966.77,2.9,4.377,-2.913,25
AMC,70,10/21/9,1.0,6.0,388,86,22.2,-0.077,-29.755,-2975.55,3.0,4.714,-2.913,50
AMC,70,10/21/9,2.0,6.0,388,86,22.2,-0.077,-29.755,-2975.55,3.0,4.714,-2.913,50
AMC,65,8/21/9,0.5,2.0,366,82,22.4,-0.082,-29.993,-2999.3,2.9,4.377,-2.913,25
AMC,70,10/21/9,0.5,6.0,389,86,22.1,-0.077,-30.077,-3007.72,3.0,4.714,-2.913,50
AMC,70,10/21/9,1.0,4.0,388,86,22.2,-0.078,-30.092,-3009.22,3.0,4.377,-2.913,50
AMC,70,10/21/9,2.0,4.0,388,86,22.2,-0.078,-30.092,-3009.22,3.0,4.377,-2.913,50
AMC,65,12/26/9,0.5,4.0,325,69,21.2,-0.093,-30.126,-3012.57,3.2,4.377,-2.913,27
AMC,60,10/21/9,1.0,2.0,306,66,21.6,-0.099,-30.215,-3021.54,3.1,2.647,-1.623,40
AMC,60,10/21/9,2.0,2.0,306,66,21.6,-0.099,-30.215,-3021.54,3.1,2.647,-1.623,40
AMC,70,10/21/9,0.5,4.0,389,86,22.1,-0.078,-30.414,-3041.39,3.0,4.377,-2.913,50
AMC,65,12/26/9,0.5,6.0,325,69,21.2,-0.094,-30.462,-3046.24,3.2,4.04,-2.913,27
AMC,65,8/21/9,1.0,6.0,362,82,22.7,-0.084,-30.496,-3049.63,3.0,4.714,-2.913,25
AMC,65,8/21/9,2.0,6.0,362,82,22.7,-0.084,-30.496,-3049.63,3.0,4.714,-2.913,25
AMC,60,10/21/9,0.5,2.0,307,66,21.5,-0.099,-30.537,-3053.71,3.0,2.647,-1.623,40
AMC,60,10/21/9,1.0,4.0,305,66,21.6,-0.101,-30.751,-3075.12,3.1,3.0,-1.623,40
AMC,60,10/21/9,1.0,6.0,305,66,21.6,-0.101,-30.751,-3075.12,3.1,3.0,-1.623,40
AMC,60,10/21/9,2.0,4.0,305,66,21.6,-0.101,-30.751,-3075.12,3.1,3.0,-1.623,40
AMC,60,10/21/9,2.0,6.0,305,66,21.6,-0.101,-30.751,-3075.12,3.1,3.0,-1.623,40
AMC,65,8/21/9,0.5,6.0,364,82,22.5,-0.085,-30.822,-3082.16,3.0,4.714,-2.913,25
AMC,65,8/21/9,1.0,4.0,362,82,22.7,-0.085,-30.833,-3083.3,3.0,4.377,-2.913,25
AMC,65,8/21/9,2.0,4.0,362,82,22.7,-0.085,-30.833,-3083.3,3.0,4.377,-2.913,25
AMC,60,10/21/9,0.5,4.0,306,66,21.6,-0.102,-31.073,-3107.29,3.1,3.0,-1.623,40
AMC,60,10/21/9,0.5,6.0,306,66,21.6,-0.102,-31.073,-3107.29,3.1,3.0,-1.623,40
AMC,65,8/21/9,0.5,4.0,364,82,22.5,-0.086,-31.158,-3115.83,3.0,4.377,-2.913,25
AMC,65,10/21/9,1.0,2.0,354,73,20.6,-0.099,-35.221,-3522.1,3.0,4.377,-2.913,48
AMC,65,10/21/9,2.0,2.0,354,73,20.6,-0.099,-35.221,-3522.1,3.0,4.377,-2.913,48
AMC,65,10/21/9,0.5,2.0,355,73,20.6,-0.1,-35.543,-3554.27,2.9,4.377,-2.913,48
AMC,65,10/21/9,1.0,6.0,352,73,20.7,-0.101,-35.708,-3570.83,3.0,4.714,-2.913,48
AMC,65,10/21/9,2.0,6.0,352,73,20.7,-0.101,-35.708,-3570.83,3.0,4.714,-2.913,48
AMC,65,10/21/9,0.5,6.0,353,73,20.7,-0.102,-36.03,-3603.0,3.0,4.714,-2.913,48
AMC,65,10/21/9,1.0,4.0,352,73,20.7,-0.102,-36.045,-3604.5,3.0,4.377,-2.913,48
AMC,65,10/21/9,2.0,4.0,352,73,20.7,-0.102,-36.045,-3604.5,3.0,4.377,-2.913,48
AMC,65,10/21/9,0.5,4.0,353,73,20.7,-0.103,-36.367,-3636.67,3.0,4.377,-2.913,48
